{"Path":"","Timestamp":1550673679665,"Items":[{"Type":"Codeunit","Id":2000000003,"Name":"Company Triggers","TargetObject":"","Publisher":"Microsoft","Application":"System","Version":"13.0.12929.0","CanExecute":false,"CanDesign":false,"FsPath":"","EventName":"OnCompanyOpen","EventType":"BusinessEvent","EventParameters":[],"SymbolData":null},{"Type":"Codeunit","Id":2000000003,"Name":"Company Triggers","TargetObject":"","Publisher":"Microsoft","Application":"System","Version":"13.0.12929.0","CanExecute":false,"CanDesign":false,"FsPath":"","EventName":"OnCompanyClose","EventType":"BusinessEvent","EventParameters":[],"SymbolData":null},{"Type":"Codeunit","Id":2000000009,"Name":"Debugger Triggers","TargetObject":"","Publisher":"Microsoft","Application":"System","Version":"13.0.12929.0","CanExecute":false,"CanDesign":false,"FsPath":"","EventName":"OnDebuggerBreak","EventType":"BusinessEvent","EventParameters":[{"Name":"ErrorMessage","TypeDefinition":{"Name":"Text"}}],"SymbolData":null},{"Type":"Codeunit","Id":2000000010,"Name":"Extension Triggers","TargetObject":"","Publisher":"Microsoft","Application":"System","Version":"13.0.12929.0","CanExecute":false,"CanDesign":false,"FsPath":"","EventName":"OnInstallAppPerDatabase","EventType":"BusinessEvent","EventParameters":[],"SymbolData":null},{"Type":"Codeunit","Id":2000000010,"Name":"Extension Triggers","TargetObject":"","Publisher":"Microsoft","Application":"System","Version":"13.0.12929.0","CanExecute":false,"CanDesign":false,"FsPath":"","EventName":"OnInstallAppPerCompany","EventType":"BusinessEvent","EventParameters":[],"SymbolData":null},{"Type":"Codeunit","Id":2000000007,"Name":"Filter Helper Triggers","TargetObject":"","Publisher":"Microsoft","Application":"System","Version":"13.0.12929.0","CanExecute":false,"CanDesign":false,"FsPath":"","EventName":"MakeDateTimeFilter","EventType":"BusinessEvent","EventParameters":[{"IsVar":true,"Name":"DateTimeFilterText","TypeDefinition":{"Name":"Text"}}],"SymbolData":null},{"Type":"Codeunit","Id":2000000007,"Name":"Filter Helper Triggers","TargetObject":"","Publisher":"Microsoft","Application":"System","Version":"13.0.12929.0","CanExecute":false,"CanDesign":false,"FsPath":"","EventName":"MakeIntFilter","EventType":"BusinessEvent","EventParameters":[{"IsVar":true,"Name":"IntFilterText","TypeDefinition":{"Name":"Text"}}],"SymbolData":null},{"Type":"Codeunit","Id":2000000007,"Name":"Filter Helper Triggers","TargetObject":"","Publisher":"Microsoft","Application":"System","Version":"13.0.12929.0","CanExecute":false,"CanDesign":false,"FsPath":"","EventName":"MakeDateFilter","EventType":"BusinessEvent","EventParameters":[{"IsVar":true,"Name":"DateFilterText","TypeDefinition":{"Name":"Text"}}],"SymbolData":null},{"Type":"Codeunit","Id":2000000007,"Name":"Filter Helper Triggers","TargetObject":"","Publisher":"Microsoft","Application":"System","Version":"13.0.12929.0","CanExecute":false,"CanDesign":false,"FsPath":"","EventName":"MakeTextFilter","EventType":"BusinessEvent","EventParameters":[{"IsVar":true,"Name":"TextFilterText","TypeDefinition":{"Name":"Text"}}],"SymbolData":null},{"Type":"Codeunit","Id":2000000007,"Name":"Filter Helper Triggers","TargetObject":"","Publisher":"Microsoft","Application":"System","Version":"13.0.12929.0","CanExecute":false,"CanDesign":false,"FsPath":"","EventName":"MakeCodeFilter","EventType":"BusinessEvent","EventParameters":[{"IsVar":true,"Name":"TextFilterText","TypeDefinition":{"Name":"Text"}}],"SymbolData":null},{"Type":"Codeunit","Id":2000000007,"Name":"Filter Helper Triggers","TargetObject":"","Publisher":"Microsoft","Application":"System","Version":"13.0.12929.0","CanExecute":false,"CanDesign":false,"FsPath":"","EventName":"MakeTimeFilter","EventType":"BusinessEvent","EventParameters":[{"IsVar":true,"Name":"TimeFilterText","TypeDefinition":{"Name":"Text"}}],"SymbolData":null},{"Type":"Codeunit","Id":2000000002,"Name":"Global Triggers","TargetObject":"","Publisher":"Microsoft","Application":"System","Version":"13.0.12929.0","CanExecute":false,"CanDesign":false,"FsPath":"","EventName":"GetGlobalTableTriggerMask","EventType":"BusinessEvent","EventParameters":[{"Name":"TableID","TypeDefinition":{"Name":"Integer"}},{"IsVar":true,"Name":"TableTriggerMask","TypeDefinition":{"Name":"Integer"}}],"SymbolData":null},{"Type":"Codeunit","Id":2000000002,"Name":"Global Triggers","TargetObject":"","Publisher":"Microsoft","Application":"System","Version":"13.0.12929.0","CanExecute":false,"CanDesign":false,"FsPath":"","EventName":"OnGlobalInsert","EventType":"BusinessEvent","EventParameters":[{"Name":"RecRef","TypeDefinition":{"Name":"RecordRef"}}],"SymbolData":null},{"Type":"Codeunit","Id":2000000002,"Name":"Global Triggers","TargetObject":"","Publisher":"Microsoft","Application":"System","Version":"13.0.12929.0","CanExecute":false,"CanDesign":false,"FsPath":"","EventName":"OnGlobalModify","EventType":"BusinessEvent","EventParameters":[{"Name":"RecRef","TypeDefinition":{"Name":"RecordRef"}},{"Name":"xRecRef","TypeDefinition":{"Name":"RecordRef"}}],"SymbolData":null},{"Type":"Codeunit","Id":2000000002,"Name":"Global Triggers","TargetObject":"","Publisher":"Microsoft","Application":"System","Version":"13.0.12929.0","CanExecute":false,"CanDesign":false,"FsPath":"","EventName":"OnGlobalDelete","EventType":"BusinessEvent","EventParameters":[{"Name":"RecRef","TypeDefinition":{"Name":"RecordRef"}}],"SymbolData":null},{"Type":"Codeunit","Id":2000000002,"Name":"Global Triggers","TargetObject":"","Publisher":"Microsoft","Application":"System","Version":"13.0.12929.0","CanExecute":false,"CanDesign":false,"FsPath":"","EventName":"OnGlobalRename","EventType":"BusinessEvent","EventParameters":[{"Name":"RecRef","TypeDefinition":{"Name":"RecordRef"}},{"Name":"xRecRef","TypeDefinition":{"Name":"RecordRef"}}],"SymbolData":null},{"Type":"Codeunit","Id":2000000002,"Name":"Global Triggers","TargetObject":"","Publisher":"Microsoft","Application":"System","Version":"13.0.12929.0","CanExecute":false,"CanDesign":false,"FsPath":"","EventName":"GetDatabaseTableTriggerSetup","EventType":"BusinessEvent","EventParameters":[{"Name":"TableId","TypeDefinition":{"Name":"Integer"}},{"IsVar":true,"Name":"OnDatabaseInsert","TypeDefinition":{"Name":"Boolean"}},{"IsVar":true,"Name":"OnDatabaseModify","TypeDefinition":{"Name":"Boolean"}},{"IsVar":true,"Name":"OnDatabaseDelete","TypeDefinition":{"Name":"Boolean"}},{"IsVar":true,"Name":"OnDatabaseRename","TypeDefinition":{"Name":"Boolean"}}],"SymbolData":null},{"Type":"Codeunit","Id":2000000002,"Name":"Global Triggers","TargetObject":"","Publisher":"Microsoft","Application":"System","Version":"13.0.12929.0","CanExecute":false,"CanDesign":false,"FsPath":"","EventName":"OnDatabaseInsert","EventType":"BusinessEvent","EventParameters":[{"Name":"RecRef","TypeDefinition":{"Name":"RecordRef"}}],"SymbolData":null},{"Type":"Codeunit","Id":2000000002,"Name":"Global Triggers","TargetObject":"","Publisher":"Microsoft","Application":"System","Version":"13.0.12929.0","CanExecute":false,"CanDesign":false,"FsPath":"","EventName":"OnDatabaseModify","EventType":"BusinessEvent","EventParameters":[{"Name":"RecRef","TypeDefinition":{"Name":"RecordRef"}}],"SymbolData":null},{"Type":"Codeunit","Id":2000000002,"Name":"Global Triggers","TargetObject":"","Publisher":"Microsoft","Application":"System","Version":"13.0.12929.0","CanExecute":false,"CanDesign":false,"FsPath":"","EventName":"OnDatabaseDelete","EventType":"BusinessEvent","EventParameters":[{"Name":"RecRef","TypeDefinition":{"Name":"RecordRef"}}],"SymbolData":null},{"Type":"Codeunit","Id":2000000002,"Name":"Global Triggers","TargetObject":"","Publisher":"Microsoft","Application":"System","Version":"13.0.12929.0","CanExecute":false,"CanDesign":false,"FsPath":"","EventName":"OnDatabaseRename","EventType":"BusinessEvent","EventParameters":[{"Name":"RecRef","TypeDefinition":{"Name":"RecordRef"}},{"Name":"xRecRef","TypeDefinition":{"Name":"RecordRef"}}],"SymbolData":null},{"Type":"Codeunit","Id":2000000005,"Name":"Reporting Triggers","TargetObject":"","Publisher":"Microsoft","Application":"System","Version":"13.0.12929.0","CanExecute":false,"CanDesign":false,"FsPath":"","EventName":"GetPrinterName","EventType":"BusinessEvent","EventParameters":[{"Name":"ReportID","TypeDefinition":{"Name":"Integer"}},{"IsVar":true,"Name":"PrinterName","TypeDefinition":{"Name":"Text[250]"}}],"SymbolData":null},{"Type":"Codeunit","Id":2000000005,"Name":"Reporting Triggers","TargetObject":"","Publisher":"Microsoft","Application":"System","Version":"13.0.12929.0","CanExecute":false,"CanDesign":false,"FsPath":"","EventName":"GetPaperTrayForReport","EventType":"BusinessEvent","EventParameters":[{"Name":"ReportID","TypeDefinition":{"Name":"Integer"}},{"IsVar":true,"Name":"FirstPage","TypeDefinition":{"Name":"Integer"}},{"IsVar":true,"Name":"DefaultPage","TypeDefinition":{"Name":"Integer"}},{"IsVar":true,"Name":"LastPage","TypeDefinition":{"Name":"Integer"}}],"SymbolData":null},{"Type":"Codeunit","Id":2000000005,"Name":"Reporting Triggers","TargetObject":"","Publisher":"Microsoft","Application":"System","Version":"13.0.12929.0","CanExecute":false,"CanDesign":false,"FsPath":"","EventName":"HasCustomLayout","EventType":"BusinessEvent","EventParameters":[{"Name":"ObjectType","TypeDefinition":{"Name":"Option","OptionMembers":["Report","Page"]}},{"Name":"ObjectID","TypeDefinition":{"Name":"Integer"}},{"IsVar":true,"Name":"LayoutType","TypeDefinition":{"Name":"Option","OptionMembers":["None","RDLC","Word"]}}],"SymbolData":null},{"Type":"Codeunit","Id":2000000005,"Name":"Reporting Triggers","TargetObject":"","Publisher":"Microsoft","Application":"System","Version":"13.0.12929.0","CanExecute":false,"CanDesign":false,"FsPath":"","EventName":"MergeDocument","EventType":"BusinessEvent","EventParameters":[{"Name":"ObjectType","TypeDefinition":{"Name":"Option","OptionMembers":["Report","Page"]}},{"Name":"ObjectID","TypeDefinition":{"Name":"Integer"}},{"Name":"ReportAction","TypeDefinition":{"Name":"Option","OptionMembers":["SaveAsPdf","SaveAsWord","SaveAsExcel","Preview","Print","SaveAsHtml"]}},{"Name":"XmlData","TypeDefinition":{"Name":"InStream"}},{"Name":"FileName","TypeDefinition":{"Name":"Text"}}],"SymbolData":null},{"Type":"Codeunit","Id":2000000005,"Name":"Reporting Triggers","TargetObject":"","Publisher":"Microsoft","Application":"System","Version":"13.0.12929.0","CanExecute":false,"CanDesign":false,"FsPath":"","EventName":"ReportGetCustomRdlc","EventType":"BusinessEvent","EventParameters":[{"Name":"ReportId","TypeDefinition":{"Name":"Integer"}},{"IsVar":true,"Name":"RdlcText","TypeDefinition":{"Name":"Text"}}],"SymbolData":null},{"Type":"Codeunit","Id":2000000005,"Name":"Reporting Triggers","TargetObject":"","Publisher":"Microsoft","Application":"System","Version":"13.0.12929.0","CanExecute":false,"CanDesign":false,"FsPath":"","EventName":"ScheduleReport","EventType":"BusinessEvent","EventParameters":[{"Name":"ReportId","TypeDefinition":{"Name":"Integer"}},{"Name":"RequestPageXml","TypeDefinition":{"Name":"Text"}},{"IsVar":true,"Name":"Scheduled","TypeDefinition":{"Name":"Boolean"}}],"SymbolData":null},{"Type":"Codeunit","Id":2000000005,"Name":"Reporting Triggers","TargetObject":"","Publisher":"Microsoft","Application":"System","Version":"13.0.12929.0","CanExecute":false,"CanDesign":false,"FsPath":"","EventName":"SubstituteReport","EventType":"BusinessEvent","EventParameters":[{"Name":"ReportId","TypeDefinition":{"Name":"Integer"}},{"Name":"RunMode","TypeDefinition":{"Name":"Option","OptionMembers":["Normal","ParametersOnly","Execute","Print","SaveAs","RunModal"]}},{"Name":"RequestPageXml","TypeDefinition":{"Name":"Text"}},{"Name":"RecordRef","TypeDefinition":{"Name":"RecordRef"}},{"IsVar":true,"Name":"NewReportId","TypeDefinition":{"Name":"Integer"}}],"SymbolData":null},{"Type":"Codeunit","Id":2000000006,"Name":"System Action Triggers","TargetObject":"","Publisher":"Microsoft","Application":"System","Version":"13.0.12929.0","CanExecute":false,"CanDesign":false,"FsPath":"","EventName":"GetDefaultRoleCenterID","EventType":"BusinessEvent","EventParameters":[{"IsVar":true,"Name":"ID","TypeDefinition":{"Name":"Integer"}}],"SymbolData":null},{"Type":"Codeunit","Id":2000000006,"Name":"System Action Triggers","TargetObject":"","Publisher":"Microsoft","Application":"System","Version":"13.0.12929.0","CanExecute":false,"CanDesign":false,"FsPath":"","EventName":"CustomizeChart","EventType":"BusinessEvent","EventParameters":[{"IsVar":true,"Name":"TempChart","TypeDefinition":{"Name":"Record","Subtype":{"Name":"Chart","Id":2000000078,"IsEmpty":false}}},{"IsVar":true,"Name":"LookupOK","TypeDefinition":{"Name":"Boolean"}}],"SymbolData":null},{"Type":"Codeunit","Id":2000000006,"Name":"System Action Triggers","TargetObject":"","Publisher":"Microsoft","Application":"System","Version":"13.0.12929.0","CanExecute":false,"CanDesign":false,"FsPath":"","EventName":"OpenSettings","EventType":"BusinessEvent","EventParameters":[],"SymbolData":null},{"Type":"Codeunit","Id":2000000006,"Name":"System Action Triggers","TargetObject":"","Publisher":"Microsoft","Application":"System","Version":"13.0.12929.0","CanExecute":false,"CanDesign":false,"FsPath":"","EventName":"OpenContactMSSales","EventType":"BusinessEvent","EventParameters":[],"SymbolData":null},{"Type":"Codeunit","Id":2000000006,"Name":"System Action Triggers","TargetObject":"","Publisher":"Microsoft","Application":"System","Version":"13.0.12929.0","CanExecute":false,"CanDesign":false,"FsPath":"","EventName":"OpenDebugger","EventType":"BusinessEvent","EventParameters":[],"SymbolData":null},{"Type":"Codeunit","Id":2000000006,"Name":"System Action Triggers","TargetObject":"","Publisher":"Microsoft","Application":"System","Version":"13.0.12929.0","CanExecute":false,"CanDesign":false,"FsPath":"","EventName":"OnEditInExcel","EventType":"BusinessEvent","EventParameters":[{"Name":"ServiceName","TypeDefinition":{"Name":"Text[240]"}},{"Name":"ODataFilter","TypeDefinition":{"Name":"Text"}}],"SymbolData":null},{"Type":"Codeunit","Id":2000000006,"Name":"System Action Triggers","TargetObject":"","Publisher":"Microsoft","Application":"System","Version":"13.0.12929.0","CanExecute":false,"CanDesign":false,"FsPath":"","EventName":"InvokeExtensionInstallation","EventType":"BusinessEvent","EventParameters":[{"Name":"AppId","TypeDefinition":{"Name":"Text"}},{"Name":"ResponseUrl","TypeDefinition":{"Name":"Text"}}],"SymbolData":null},{"Type":"Codeunit","Id":2000000004,"Name":"UI Helper Triggers","TargetObject":"","Publisher":"Microsoft","Application":"System","Version":"13.0.12929.0","CanExecute":false,"CanDesign":false,"FsPath":"","EventName":"AutoFormatTranslate","EventType":"BusinessEvent","EventParameters":[{"Name":"AutoFormatType","TypeDefinition":{"Name":"Integer"}},{"Name":"AutoFormatExpr","TypeDefinition":{"Name":"Text[80]"}},{"IsVar":true,"Name":"Translation","TypeDefinition":{"Name":"Text[80]"}}],"SymbolData":null},{"Type":"Codeunit","Id":2000000004,"Name":"UI Helper Triggers","TargetObject":"","Publisher":"Microsoft","Application":"System","Version":"13.0.12929.0","CanExecute":false,"CanDesign":false,"FsPath":"","EventName":"GetDefaultRoundingPrecision","EventType":"BusinessEvent","EventParameters":[{"IsVar":true,"Name":"AmountRoundingPrecision","TypeDefinition":{"Name":"Decimal"}}],"SymbolData":null},{"Type":"Codeunit","Id":2000000004,"Name":"UI Helper Triggers","TargetObject":"","Publisher":"Microsoft","Application":"System","Version":"13.0.12929.0","CanExecute":false,"CanDesign":false,"FsPath":"","EventName":"CaptionClassTranslate","EventType":"BusinessEvent","EventParameters":[{"Name":"Language","TypeDefinition":{"Name":"Integer"}},{"Name":"CaptionExpr","TypeDefinition":{"Name":"Text[1024]"}},{"IsVar":true,"Name":"Translation","TypeDefinition":{"Name":"Text[1024]"}}],"SymbolData":null},{"Type":"Codeunit","Id":2000000004,"Name":"UI Helper Triggers","TargetObject":"","Publisher":"Microsoft","Application":"System","Version":"13.0.12929.0","CanExecute":false,"CanDesign":false,"FsPath":"","EventName":"GetSystemIndicator","EventType":"BusinessEvent","EventParameters":[{"IsVar":true,"Name":"Text","TypeDefinition":{"Name":"Text[250]"}},{"IsVar":true,"Name":"Style","TypeDefinition":{"Name":"Option","OptionMembers":["Standard","Accent1","Accent2","Accent3","Accent4","Accent5","Accent6","Accent7","Accent8","Accent9"]}}],"SymbolData":null},{"Type":"Codeunit","Id":2000000004,"Name":"UI Helper Triggers","TargetObject":"","Publisher":"Microsoft","Application":"System","Version":"13.0.12929.0","CanExecute":false,"CanDesign":false,"FsPath":"","EventName":"GetCueStyle","EventType":"BusinessEvent","EventParameters":[{"Name":"TableId","TypeDefinition":{"Name":"Integer"}},{"Name":"FieldNo","TypeDefinition":{"Name":"Integer"}},{"Name":"CueValue","TypeDefinition":{"Name":"Decimal"}},{"IsVar":true,"Name":"StyleText","TypeDefinition":{"Name":"Text"}}],"SymbolData":null},{"Type":"Codeunit","Id":2000000004,"Name":"UI Helper Triggers","TargetObject":"","Publisher":"Microsoft","Application":"System","Version":"13.0.12929.0","CanExecute":false,"CanDesign":false,"FsPath":"","EventName":"GetApplicationLanguage","EventType":"BusinessEvent","EventParameters":[{"IsVar":true,"Name":"Language","TypeDefinition":{"Name":"Integer"}}],"SymbolData":null},{"Type":"Codeunit","Id":2000000008,"Name":"Upgrade Triggers","TargetObject":"","Publisher":"Microsoft","Application":"System","Version":"13.0.12929.0","CanExecute":false,"CanDesign":false,"FsPath":"","EventName":"OnCheckPreconditionsPerDatabase","EventType":"BusinessEvent","EventParameters":[],"SymbolData":null},{"Type":"Codeunit","Id":2000000008,"Name":"Upgrade Triggers","TargetObject":"","Publisher":"Microsoft","Application":"System","Version":"13.0.12929.0","CanExecute":false,"CanDesign":false,"FsPath":"","EventName":"OnCheckPreconditionsPerCompany","EventType":"BusinessEvent","EventParameters":[],"SymbolData":null},{"Type":"Codeunit","Id":2000000008,"Name":"Upgrade Triggers","TargetObject":"","Publisher":"Microsoft","Application":"System","Version":"13.0.12929.0","CanExecute":false,"CanDesign":false,"FsPath":"","EventName":"OnUpgradePerDatabase","EventType":"BusinessEvent","EventParameters":[],"SymbolData":null},{"Type":"Codeunit","Id":2000000008,"Name":"Upgrade Triggers","TargetObject":"","Publisher":"Microsoft","Application":"System","Version":"13.0.12929.0","CanExecute":false,"CanDesign":false,"FsPath":"","EventName":"OnUpgradePerCompany","EventType":"BusinessEvent","EventParameters":[],"SymbolData":null},{"Type":"Codeunit","Id":2000000008,"Name":"Upgrade Triggers","TargetObject":"","Publisher":"Microsoft","Application":"System","Version":"13.0.12929.0","CanExecute":false,"CanDesign":false,"FsPath":"","EventName":"OnValidateUpgradePerDatabase","EventType":"BusinessEvent","EventParameters":[],"SymbolData":null},{"Type":"Codeunit","Id":2000000008,"Name":"Upgrade Triggers","TargetObject":"","Publisher":"Microsoft","Application":"System","Version":"13.0.12929.0","CanExecute":false,"CanDesign":false,"FsPath":"","EventName":"OnValidateUpgradePerCompany","EventType":"BusinessEvent","EventParameters":[],"SymbolData":null},{"Type":"Codeunit","Id":2000000001,"Name":"Version Triggers","TargetObject":"","Publisher":"Microsoft","Application":"System","Version":"13.0.12929.0","CanExecute":false,"CanDesign":false,"FsPath":"","EventName":"GetApplicationVersion","EventType":"BusinessEvent","EventParameters":[{"IsVar":true,"Name":"Version","TypeDefinition":{"Name":"Text[248]"}}],"SymbolData":null},{"Type":"Codeunit","Id":2000000001,"Name":"Version Triggers","TargetObject":"","Publisher":"Microsoft","Application":"System","Version":"13.0.12929.0","CanExecute":false,"CanDesign":false,"FsPath":"","EventName":"GetReleaseVersion","EventType":"BusinessEvent","EventParameters":[{"IsVar":true,"Name":"Version","TypeDefinition":{"Name":"Text[50]"}}],"SymbolData":null},{"Type":"Codeunit","Id":2000000001,"Name":"Version Triggers","TargetObject":"","Publisher":"Microsoft","Application":"System","Version":"13.0.12929.0","CanExecute":false,"CanDesign":false,"FsPath":"","EventName":"GetApplicationBuild","EventType":"BusinessEvent","EventParameters":[{"IsVar":true,"Name":"Build","TypeDefinition":{"Name":"Text[80]"}}],"SymbolData":null}]}
