{"Path":"","Timestamp":1550673679665,"Items":[{"TypeId":"","Type":"Table","Id":2000000053,"Name":"Access Control","TargetObject":"","Publisher":"Microsoft","Application":"System","Version":"13.0.12929.0","CanExecute":true,"CanDesign":false,"CanCreatePage":true,"FsPath":"","EventName":"not_an_event","SymbolData":{"Path":"c:\\Users\\MartinhoCosta\\Documents\\GIT\\Softstore\\Portuguese Localization Entry Pack\\.alpackages\\Microsoft_System_13.0.12929.0.app","Type":"Tables","Index":0}},{"TypeId":"","Type":"Table","Id":2000000110,"Name":"Active Session","TargetObject":"","Publisher":"Microsoft","Application":"System","Version":"13.0.12929.0","CanExecute":true,"CanDesign":false,"CanCreatePage":true,"FsPath":"","EventName":"not_an_event","SymbolData":{"Path":"c:\\Users\\MartinhoCosta\\Documents\\GIT\\Softstore\\Portuguese Localization Entry Pack\\.alpackages\\Microsoft_System_13.0.12929.0.app","Type":"Tables","Index":1}},{"TypeId":"","Type":"Table","Id":2000000069,"Name":"Add-in","TargetObject":"","Publisher":"Microsoft","Application":"System","Version":"13.0.12929.0","CanExecute":true,"CanDesign":false,"CanCreatePage":true,"FsPath":"","EventName":"not_an_event","SymbolData":{"Path":"c:\\Users\\MartinhoCosta\\Documents\\GIT\\Softstore\\Portuguese Localization Entry Pack\\.alpackages\\Microsoft_System_13.0.12929.0.app","Type":"Tables","Index":2}},{"TypeId":"","Type":"Table","Id":2000000078,"Name":"Chart","TargetObject":"","Publisher":"Microsoft","Application":"System","Version":"13.0.12929.0","CanExecute":true,"CanDesign":false,"CanCreatePage":true,"FsPath":"","EventName":"not_an_event","SymbolData":{"Path":"c:\\Users\\MartinhoCosta\\Documents\\GIT\\Softstore\\Portuguese Localization Entry Pack\\.alpackages\\Microsoft_System_13.0.12929.0.app","Type":"Tables","Index":3}},{"TypeId":"","Type":"Table","Id":2000000006,"Name":"Company","TargetObject":"","Publisher":"Microsoft","Application":"System","Version":"13.0.12929.0","CanExecute":true,"CanDesign":false,"CanCreatePage":true,"FsPath":"","EventName":"not_an_event","SymbolData":{"Path":"c:\\Users\\MartinhoCosta\\Documents\\GIT\\Softstore\\Portuguese Localization Entry Pack\\.alpackages\\Microsoft_System_13.0.12929.0.app","Type":"Tables","Index":4}},{"TypeId":"","Type":"Table","Id":2000000170,"Name":"Configuration Package File","TargetObject":"","Publisher":"Microsoft","Application":"System","Version":"13.0.12929.0","CanExecute":true,"CanDesign":false,"CanCreatePage":true,"FsPath":"","EventName":"not_an_event","SymbolData":{"Path":"c:\\Users\\MartinhoCosta\\Documents\\GIT\\Softstore\\Portuguese Localization Entry Pack\\.alpackages\\Microsoft_System_13.0.12929.0.app","Type":"Tables","Index":5}},{"TypeId":"","Type":"Table","Id":2000000159,"Name":"Data Sensitivity","TargetObject":"","Publisher":"Microsoft","Application":"System","Version":"13.0.12929.0","CanExecute":true,"CanDesign":false,"CanCreatePage":true,"FsPath":"","EventName":"not_an_event","SymbolData":{"Path":"c:\\Users\\MartinhoCosta\\Documents\\GIT\\Softstore\\Portuguese Localization Entry Pack\\.alpackages\\Microsoft_System_13.0.12929.0.app","Type":"Tables","Index":6}},{"TypeId":"","Type":"Table","Id":2000000100,"Name":"Debugger Breakpoint","TargetObject":"","Publisher":"Microsoft","Application":"System","Version":"13.0.12929.0","CanExecute":true,"CanDesign":false,"CanCreatePage":true,"FsPath":"","EventName":"not_an_event","SymbolData":{"Path":"c:\\Users\\MartinhoCosta\\Documents\\GIT\\Softstore\\Portuguese Localization Entry Pack\\.alpackages\\Microsoft_System_13.0.12929.0.app","Type":"Tables","Index":7}},{"TypeId":"","Type":"Table","Id":2000000104,"Name":"Debugger Watch","TargetObject":"","Publisher":"Microsoft","Application":"System","Version":"13.0.12929.0","CanExecute":true,"CanDesign":false,"CanCreatePage":true,"FsPath":"","EventName":"not_an_event","SymbolData":{"Path":"c:\\Users\\MartinhoCosta\\Documents\\GIT\\Softstore\\Portuguese Localization Entry Pack\\.alpackages\\Microsoft_System_13.0.12929.0.app","Type":"Tables","Index":8}},{"TypeId":"","Type":"Table","Id":2000000130,"Name":"Device","TargetObject":"","Publisher":"Microsoft","Application":"System","Version":"13.0.12929.0","CanExecute":true,"CanDesign":false,"CanCreatePage":true,"FsPath":"","EventName":"not_an_event","SymbolData":{"Path":"c:\\Users\\MartinhoCosta\\Documents\\GIT\\Softstore\\Portuguese Localization Entry Pack\\.alpackages\\Microsoft_System_13.0.12929.0.app","Type":"Tables","Index":9}},{"TypeId":"","Type":"Table","Id":2000000114,"Name":"Document Service","TargetObject":"","Publisher":"Microsoft","Application":"System","Version":"13.0.12929.0","CanExecute":true,"CanDesign":false,"CanCreatePage":true,"FsPath":"","EventName":"not_an_event","SymbolData":{"Path":"c:\\Users\\MartinhoCosta\\Documents\\GIT\\Softstore\\Portuguese Localization Entry Pack\\.alpackages\\Microsoft_System_13.0.12929.0.app","Type":"Tables","Index":10}},{"TypeId":"","Type":"Table","Id":2000000190,"Name":"Entitlement Set","TargetObject":"","Publisher":"Microsoft","Application":"System","Version":"13.0.12929.0","CanExecute":true,"CanDesign":false,"CanCreatePage":true,"FsPath":"","EventName":"not_an_event","SymbolData":{"Path":"c:\\Users\\MartinhoCosta\\Documents\\GIT\\Softstore\\Portuguese Localization Entry Pack\\.alpackages\\Microsoft_System_13.0.12929.0.app","Type":"Tables","Index":11}},{"TypeId":"","Type":"Table","Id":2000000191,"Name":"Entitlement","TargetObject":"","Publisher":"Microsoft","Application":"System","Version":"13.0.12929.0","CanExecute":true,"CanDesign":false,"CanCreatePage":true,"FsPath":"","EventName":"not_an_event","SymbolData":{"Path":"c:\\Users\\MartinhoCosta\\Documents\\GIT\\Softstore\\Portuguese Localization Entry Pack\\.alpackages\\Microsoft_System_13.0.12929.0.app","Type":"Tables","Index":12}},{"TypeId":"","Type":"Table","Id":2000000146,"Name":"Intelligent Cloud","TargetObject":"","Publisher":"Microsoft","Application":"System","Version":"13.0.12929.0","CanExecute":true,"CanDesign":false,"CanCreatePage":true,"FsPath":"","EventName":"not_an_event","SymbolData":{"Path":"c:\\Users\\MartinhoCosta\\Documents\\GIT\\Softstore\\Portuguese Localization Entry Pack\\.alpackages\\Microsoft_System_13.0.12929.0.app","Type":"Tables","Index":13}},{"TypeId":"","Type":"Table","Id":2000000043,"Name":"License Permission","TargetObject":"","Publisher":"Microsoft","Application":"System","Version":"13.0.12929.0","CanExecute":true,"CanDesign":false,"CanCreatePage":true,"FsPath":"","EventName":"not_an_event","SymbolData":{"Path":"c:\\Users\\MartinhoCosta\\Documents\\GIT\\Softstore\\Portuguese Localization Entry Pack\\.alpackages\\Microsoft_System_13.0.12929.0.app","Type":"Tables","Index":14}},{"TypeId":"","Type":"Table","Id":2000000182,"Name":"Media Resources","TargetObject":"","Publisher":"Microsoft","Application":"System","Version":"13.0.12929.0","CanExecute":true,"CanDesign":false,"CanCreatePage":true,"FsPath":"","EventName":"not_an_event","SymbolData":{"Path":"c:\\Users\\MartinhoCosta\\Documents\\GIT\\Softstore\\Portuguese Localization Entry Pack\\.alpackages\\Microsoft_System_13.0.12929.0.app","Type":"Tables","Index":15}},{"TypeId":"","Type":"Table","Id":2000000180,"Name":"Media Set","TargetObject":"","Publisher":"Microsoft","Application":"System","Version":"13.0.12929.0","CanExecute":true,"CanDesign":false,"CanCreatePage":true,"FsPath":"","EventName":"not_an_event","SymbolData":{"Path":"c:\\Users\\MartinhoCosta\\Documents\\GIT\\Softstore\\Portuguese Localization Entry Pack\\.alpackages\\Microsoft_System_13.0.12929.0.app","Type":"Tables","Index":16}},{"TypeId":"","Type":"Table","Id":2000000181,"Name":"Media","TargetObject":"","Publisher":"Microsoft","Application":"System","Version":"13.0.12929.0","CanExecute":true,"CanDesign":false,"CanCreatePage":true,"FsPath":"","EventName":"not_an_event","SymbolData":{"Path":"c:\\Users\\MartinhoCosta\\Documents\\GIT\\Softstore\\Portuguese Localization Entry Pack\\.alpackages\\Microsoft_System_13.0.12929.0.app","Type":"Tables","Index":17}},{"TypeId":"","Type":"Table","Id":2000000195,"Name":"Membership Entitlement","TargetObject":"","Publisher":"Microsoft","Application":"System","Version":"13.0.12929.0","CanExecute":true,"CanDesign":false,"CanCreatePage":true,"FsPath":"","EventName":"not_an_event","SymbolData":{"Path":"c:\\Users\\MartinhoCosta\\Documents\\GIT\\Softstore\\Portuguese Localization Entry Pack\\.alpackages\\Microsoft_System_13.0.12929.0.app","Type":"Tables","Index":18}},{"TypeId":"","Type":"Table","Id":2000000162,"Name":"NAV App Capabilities","TargetObject":"","Publisher":"Microsoft","Application":"System","Version":"13.0.12929.0","CanExecute":true,"CanDesign":false,"CanCreatePage":true,"FsPath":"","EventName":"not_an_event","SymbolData":{"Path":"c:\\Users\\MartinhoCosta\\Documents\\GIT\\Softstore\\Portuguese Localization Entry Pack\\.alpackages\\Microsoft_System_13.0.12929.0.app","Type":"Tables","Index":19}},{"TypeId":"","Type":"Table","Id":2000000152,"Name":"NAV App Data Archive","TargetObject":"","Publisher":"Microsoft","Application":"System","Version":"13.0.12929.0","CanExecute":true,"CanDesign":false,"CanCreatePage":true,"FsPath":"","EventName":"not_an_event","SymbolData":{"Path":"c:\\Users\\MartinhoCosta\\Documents\\GIT\\Softstore\\Portuguese Localization Entry Pack\\.alpackages\\Microsoft_System_13.0.12929.0.app","Type":"Tables","Index":20}},{"TypeId":"","Type":"Table","Id":2000000161,"Name":"NAV App Dependencies","TargetObject":"","Publisher":"Microsoft","Application":"System","Version":"13.0.12929.0","CanExecute":true,"CanDesign":false,"CanCreatePage":true,"FsPath":"","EventName":"not_an_event","SymbolData":{"Path":"c:\\Users\\MartinhoCosta\\Documents\\GIT\\Softstore\\Portuguese Localization Entry Pack\\.alpackages\\Microsoft_System_13.0.12929.0.app","Type":"Tables","Index":21}},{"TypeId":"","Type":"Table","Id":2000000153,"Name":"NAV App Installed App","TargetObject":"","Publisher":"Microsoft","Application":"System","Version":"13.0.12929.0","CanExecute":true,"CanDesign":false,"CanCreatePage":true,"FsPath":"","EventName":"not_an_event","SymbolData":{"Path":"c:\\Users\\MartinhoCosta\\Documents\\GIT\\Softstore\\Portuguese Localization Entry Pack\\.alpackages\\Microsoft_System_13.0.12929.0.app","Type":"Tables","Index":22}},{"TypeId":"","Type":"Table","Id":2000000150,"Name":"NAV App Object Metadata","TargetObject":"","Publisher":"Microsoft","Application":"System","Version":"13.0.12929.0","CanExecute":true,"CanDesign":false,"CanCreatePage":true,"FsPath":"","EventName":"not_an_event","SymbolData":{"Path":"c:\\Users\\MartinhoCosta\\Documents\\GIT\\Softstore\\Portuguese Localization Entry Pack\\.alpackages\\Microsoft_System_13.0.12929.0.app","Type":"Tables","Index":23}},{"TypeId":"","Type":"Table","Id":2000000163,"Name":"NAV App Object Prerequisites","TargetObject":"","Publisher":"Microsoft","Application":"System","Version":"13.0.12929.0","CanExecute":true,"CanDesign":false,"CanCreatePage":true,"FsPath":"","EventName":"not_an_event","SymbolData":{"Path":"c:\\Users\\MartinhoCosta\\Documents\\GIT\\Softstore\\Portuguese Localization Entry Pack\\.alpackages\\Microsoft_System_13.0.12929.0.app","Type":"Tables","Index":24}},{"TypeId":"","Type":"Table","Id":2000000155,"Name":"NAV App Publish Reference","TargetObject":"","Publisher":"Microsoft","Application":"System","Version":"13.0.12929.0","CanExecute":true,"CanDesign":false,"CanCreatePage":true,"FsPath":"","EventName":"not_an_event","SymbolData":{"Path":"c:\\Users\\MartinhoCosta\\Documents\\GIT\\Softstore\\Portuguese Localization Entry Pack\\.alpackages\\Microsoft_System_13.0.12929.0.app","Type":"Tables","Index":25}},{"TypeId":"","Type":"Table","Id":2000000156,"Name":"NAV App Published App","TargetObject":"","Publisher":"Microsoft","Application":"System","Version":"13.0.12929.0","CanExecute":true,"CanDesign":false,"CanCreatePage":true,"FsPath":"","EventName":"not_an_event","SymbolData":{"Path":"c:\\Users\\MartinhoCosta\\Documents\\GIT\\Softstore\\Portuguese Localization Entry Pack\\.alpackages\\Microsoft_System_13.0.12929.0.app","Type":"Tables","Index":26}},{"TypeId":"","Type":"Table","Id":2000000201,"Name":"NAV App Setting","TargetObject":"","Publisher":"Microsoft","Application":"System","Version":"13.0.12929.0","CanExecute":true,"CanDesign":false,"CanCreatePage":true,"FsPath":"","EventName":"not_an_event","SymbolData":{"Path":"c:\\Users\\MartinhoCosta\\Documents\\GIT\\Softstore\\Portuguese Localization Entry Pack\\.alpackages\\Microsoft_System_13.0.12929.0.app","Type":"Tables","Index":27}},{"TypeId":"","Type":"Table","Id":2000000169,"Name":"NAV App Tenant Add-In","TargetObject":"","Publisher":"Microsoft","Application":"System","Version":"13.0.12929.0","CanExecute":true,"CanDesign":false,"CanCreatePage":true,"FsPath":"","EventName":"not_an_event","SymbolData":{"Path":"c:\\Users\\MartinhoCosta\\Documents\\GIT\\Softstore\\Portuguese Localization Entry Pack\\.alpackages\\Microsoft_System_13.0.12929.0.app","Type":"Tables","Index":28}},{"TypeId":"","Type":"Table","Id":2000000151,"Name":"NAV App Tenant App","TargetObject":"","Publisher":"Microsoft","Application":"System","Version":"13.0.12929.0","CanExecute":true,"CanDesign":false,"CanCreatePage":true,"FsPath":"","EventName":"not_an_event","SymbolData":{"Path":"c:\\Users\\MartinhoCosta\\Documents\\GIT\\Softstore\\Portuguese Localization Entry Pack\\.alpackages\\Microsoft_System_13.0.12929.0.app","Type":"Tables","Index":29}},{"TypeId":"","Type":"Table","Id":2000000200,"Name":"NAV App Tenant Operation","TargetObject":"","Publisher":"Microsoft","Application":"System","Version":"13.0.12929.0","CanExecute":true,"CanDesign":false,"CanCreatePage":true,"FsPath":"","EventName":"not_an_event","SymbolData":{"Path":"c:\\Users\\MartinhoCosta\\Documents\\GIT\\Softstore\\Portuguese Localization Entry Pack\\.alpackages\\Microsoft_System_13.0.12929.0.app","Type":"Tables","Index":30}},{"TypeId":"","Type":"Table","Id":2000000160,"Name":"NAV App","TargetObject":"","Publisher":"Microsoft","Application":"System","Version":"13.0.12929.0","CanExecute":true,"CanDesign":false,"CanCreatePage":true,"FsPath":"","EventName":"not_an_event","SymbolData":{"Path":"c:\\Users\\MartinhoCosta\\Documents\\GIT\\Softstore\\Portuguese Localization Entry Pack\\.alpackages\\Microsoft_System_13.0.12929.0.app","Type":"Tables","Index":31}},{"TypeId":"","Type":"Table","Id":2000000071,"Name":"Object Metadata","TargetObject":"","Publisher":"Microsoft","Application":"System","Version":"13.0.12929.0","CanExecute":true,"CanDesign":false,"CanCreatePage":true,"FsPath":"","EventName":"not_an_event","SymbolData":{"Path":"c:\\Users\\MartinhoCosta\\Documents\\GIT\\Softstore\\Portuguese Localization Entry Pack\\.alpackages\\Microsoft_System_13.0.12929.0.app","Type":"Tables","Index":32}},{"TypeId":"","Type":"Table","Id":2000000196,"Name":"Object Options","TargetObject":"","Publisher":"Microsoft","Application":"System","Version":"13.0.12929.0","CanExecute":true,"CanDesign":false,"CanCreatePage":true,"FsPath":"","EventName":"not_an_event","SymbolData":{"Path":"c:\\Users\\MartinhoCosta\\Documents\\GIT\\Softstore\\Portuguese Localization Entry Pack\\.alpackages\\Microsoft_System_13.0.12929.0.app","Type":"Tables","Index":33}},{"TypeId":"","Type":"Table","Id":2000000079,"Name":"Object Tracking","TargetObject":"","Publisher":"Microsoft","Application":"System","Version":"13.0.12929.0","CanExecute":true,"CanDesign":false,"CanCreatePage":true,"FsPath":"","EventName":"not_an_event","SymbolData":{"Path":"c:\\Users\\MartinhoCosta\\Documents\\GIT\\Softstore\\Portuguese Localization Entry Pack\\.alpackages\\Microsoft_System_13.0.12929.0.app","Type":"Tables","Index":34}},{"TypeId":"","Type":"Table","Id":2000000001,"Name":"Object","TargetObject":"","Publisher":"Microsoft","Application":"System","Version":"13.0.12929.0","CanExecute":true,"CanDesign":false,"CanCreatePage":true,"FsPath":"","EventName":"not_an_event","SymbolData":{"Path":"c:\\Users\\MartinhoCosta\\Documents\\GIT\\Softstore\\Portuguese Localization Entry Pack\\.alpackages\\Microsoft_System_13.0.12929.0.app","Type":"Tables","Index":35}},{"TypeId":"","Type":"Table","Id":2000000179,"Name":"OData Edm Type","TargetObject":"","Publisher":"Microsoft","Application":"System","Version":"13.0.12929.0","CanExecute":true,"CanDesign":false,"CanCreatePage":true,"FsPath":"","EventName":"not_an_event","SymbolData":{"Path":"c:\\Users\\MartinhoCosta\\Documents\\GIT\\Softstore\\Portuguese Localization Entry Pack\\.alpackages\\Microsoft_System_13.0.12929.0.app","Type":"Tables","Index":36}},{"TypeId":"","Type":"Table","Id":2000000080,"Name":"Page Data Personalization","TargetObject":"","Publisher":"Microsoft","Application":"System","Version":"13.0.12929.0","CanExecute":true,"CanDesign":false,"CanCreatePage":true,"FsPath":"","EventName":"not_an_event","SymbolData":{"Path":"c:\\Users\\MartinhoCosta\\Documents\\GIT\\Softstore\\Portuguese Localization Entry Pack\\.alpackages\\Microsoft_System_13.0.12929.0.app","Type":"Tables","Index":37}},{"TypeId":"","Type":"Table","Id":2000000198,"Name":"Page Documentation","TargetObject":"","Publisher":"Microsoft","Application":"System","Version":"13.0.12929.0","CanExecute":true,"CanDesign":false,"CanCreatePage":true,"FsPath":"","EventName":"not_an_event","SymbolData":{"Path":"c:\\Users\\MartinhoCosta\\Documents\\GIT\\Softstore\\Portuguese Localization Entry Pack\\.alpackages\\Microsoft_System_13.0.12929.0.app","Type":"Tables","Index":38}},{"TypeId":"","Type":"Table","Id":2000000004,"Name":"Permission Set","TargetObject":"","Publisher":"Microsoft","Application":"System","Version":"13.0.12929.0","CanExecute":true,"CanDesign":false,"CanCreatePage":true,"FsPath":"","EventName":"not_an_event","SymbolData":{"Path":"c:\\Users\\MartinhoCosta\\Documents\\GIT\\Softstore\\Portuguese Localization Entry Pack\\.alpackages\\Microsoft_System_13.0.12929.0.app","Type":"Tables","Index":39}},{"TypeId":"","Type":"Table","Id":2000000005,"Name":"Permission","TargetObject":"","Publisher":"Microsoft","Application":"System","Version":"13.0.12929.0","CanExecute":true,"CanDesign":false,"CanCreatePage":true,"FsPath":"","EventName":"not_an_event","SymbolData":{"Path":"c:\\Users\\MartinhoCosta\\Documents\\GIT\\Softstore\\Portuguese Localization Entry Pack\\.alpackages\\Microsoft_System_13.0.12929.0.app","Type":"Tables","Index":40}},{"TypeId":"","Type":"Table","Id":2000000144,"Name":"Power BI Blob","TargetObject":"","Publisher":"Microsoft","Application":"System","Version":"13.0.12929.0","CanExecute":true,"CanDesign":false,"CanCreatePage":true,"FsPath":"","EventName":"not_an_event","SymbolData":{"Path":"c:\\Users\\MartinhoCosta\\Documents\\GIT\\Softstore\\Portuguese Localization Entry Pack\\.alpackages\\Microsoft_System_13.0.12929.0.app","Type":"Tables","Index":41}},{"TypeId":"","Type":"Table","Id":2000000145,"Name":"Power BI Default Selection","TargetObject":"","Publisher":"Microsoft","Application":"System","Version":"13.0.12929.0","CanExecute":true,"CanDesign":false,"CanCreatePage":true,"FsPath":"","EventName":"not_an_event","SymbolData":{"Path":"c:\\Users\\MartinhoCosta\\Documents\\GIT\\Softstore\\Portuguese Localization Entry Pack\\.alpackages\\Microsoft_System_13.0.12929.0.app","Type":"Tables","Index":42}},{"TypeId":"","Type":"Table","Id":2000000074,"Name":"Profile Metadata","TargetObject":"","Publisher":"Microsoft","Application":"System","Version":"13.0.12929.0","CanExecute":true,"CanDesign":false,"CanCreatePage":true,"FsPath":"","EventName":"not_an_event","SymbolData":{"Path":"c:\\Users\\MartinhoCosta\\Documents\\GIT\\Softstore\\Portuguese Localization Entry Pack\\.alpackages\\Microsoft_System_13.0.12929.0.app","Type":"Tables","Index":43}},{"TypeId":"","Type":"Table","Id":2000000072,"Name":"Profile","TargetObject":"","Publisher":"Microsoft","Application":"System","Version":"13.0.12929.0","CanExecute":true,"CanDesign":false,"CanCreatePage":true,"FsPath":"","EventName":"not_an_event","SymbolData":{"Path":"c:\\Users\\MartinhoCosta\\Documents\\GIT\\Softstore\\Portuguese Localization Entry Pack\\.alpackages\\Microsoft_System_13.0.12929.0.app","Type":"Tables","Index":44}},{"TypeId":"","Type":"Table","Id":2000000068,"Name":"Record Link","TargetObject":"","Publisher":"Microsoft","Application":"System","Version":"13.0.12929.0","CanExecute":true,"CanDesign":false,"CanCreatePage":true,"FsPath":"","EventName":"not_an_event","SymbolData":{"Path":"c:\\Users\\MartinhoCosta\\Documents\\GIT\\Softstore\\Portuguese Localization Entry Pack\\.alpackages\\Microsoft_System_13.0.12929.0.app","Type":"Tables","Index":45}},{"TypeId":"","Type":"Table","Id":2000000082,"Name":"Report Layout","TargetObject":"","Publisher":"Microsoft","Application":"System","Version":"13.0.12929.0","CanExecute":true,"CanDesign":false,"CanCreatePage":true,"FsPath":"","EventName":"not_an_event","SymbolData":{"Path":"c:\\Users\\MartinhoCosta\\Documents\\GIT\\Softstore\\Portuguese Localization Entry Pack\\.alpackages\\Microsoft_System_13.0.12929.0.app","Type":"Tables","Index":46}},{"TypeId":"","Type":"Table","Id":2000000175,"Name":"Scheduled Task","TargetObject":"","Publisher":"Microsoft","Application":"System","Version":"13.0.12929.0","CanExecute":true,"CanDesign":false,"CanCreatePage":true,"FsPath":"","EventName":"not_an_event","SymbolData":{"Path":"c:\\Users\\MartinhoCosta\\Documents\\GIT\\Softstore\\Portuguese Localization Entry Pack\\.alpackages\\Microsoft_System_13.0.12929.0.app","Type":"Tables","Index":47}},{"TypeId":"","Type":"Table","Id":2000000065,"Name":"Send-To Program","TargetObject":"","Publisher":"Microsoft","Application":"System","Version":"13.0.12929.0","CanExecute":true,"CanDesign":false,"CanCreatePage":true,"FsPath":"","EventName":"not_an_event","SymbolData":{"Path":"c:\\Users\\MartinhoCosta\\Documents\\GIT\\Softstore\\Portuguese Localization Entry Pack\\.alpackages\\Microsoft_System_13.0.12929.0.app","Type":"Tables","Index":48}},{"TypeId":"","Type":"Table","Id":2000000112,"Name":"Server Instance","TargetObject":"","Publisher":"Microsoft","Application":"System","Version":"13.0.12929.0","CanExecute":true,"CanDesign":false,"CanCreatePage":true,"FsPath":"","EventName":"not_an_event","SymbolData":{"Path":"c:\\Users\\MartinhoCosta\\Documents\\GIT\\Softstore\\Portuguese Localization Entry Pack\\.alpackages\\Microsoft_System_13.0.12929.0.app","Type":"Tables","Index":49}},{"TypeId":"","Type":"Table","Id":2000000111,"Name":"Session Event","TargetObject":"","Publisher":"Microsoft","Application":"System","Version":"13.0.12929.0","CanExecute":true,"CanDesign":false,"CanCreatePage":true,"FsPath":"","EventName":"not_an_event","SymbolData":{"Path":"c:\\Users\\MartinhoCosta\\Documents\\GIT\\Softstore\\Portuguese Localization Entry Pack\\.alpackages\\Microsoft_System_13.0.12929.0.app","Type":"Tables","Index":50}},{"TypeId":"","Type":"Table","Id":2000000066,"Name":"Style Sheet","TargetObject":"","Publisher":"Microsoft","Application":"System","Version":"13.0.12929.0","CanExecute":true,"CanDesign":false,"CanCreatePage":true,"FsPath":"","EventName":"not_an_event","SymbolData":{"Path":"c:\\Users\\MartinhoCosta\\Documents\\GIT\\Softstore\\Portuguese Localization Entry Pack\\.alpackages\\Microsoft_System_13.0.12929.0.app","Type":"Tables","Index":51}},{"TypeId":"","Type":"Table","Id":2000000189,"Name":"Tenant License State","TargetObject":"","Publisher":"Microsoft","Application":"System","Version":"13.0.12929.0","CanExecute":true,"CanDesign":false,"CanCreatePage":true,"FsPath":"","EventName":"not_an_event","SymbolData":{"Path":"c:\\Users\\MartinhoCosta\\Documents\\GIT\\Softstore\\Portuguese Localization Entry Pack\\.alpackages\\Microsoft_System_13.0.12929.0.app","Type":"Tables","Index":52}},{"TypeId":"","Type":"Table","Id":2000000183,"Name":"Tenant Media Set","TargetObject":"","Publisher":"Microsoft","Application":"System","Version":"13.0.12929.0","CanExecute":true,"CanDesign":false,"CanCreatePage":true,"FsPath":"","EventName":"not_an_event","SymbolData":{"Path":"c:\\Users\\MartinhoCosta\\Documents\\GIT\\Softstore\\Portuguese Localization Entry Pack\\.alpackages\\Microsoft_System_13.0.12929.0.app","Type":"Tables","Index":53}},{"TypeId":"","Type":"Table","Id":2000000185,"Name":"Tenant Media Thumbnails","TargetObject":"","Publisher":"Microsoft","Application":"System","Version":"13.0.12929.0","CanExecute":true,"CanDesign":false,"CanCreatePage":true,"FsPath":"","EventName":"not_an_event","SymbolData":{"Path":"c:\\Users\\MartinhoCosta\\Documents\\GIT\\Softstore\\Portuguese Localization Entry Pack\\.alpackages\\Microsoft_System_13.0.12929.0.app","Type":"Tables","Index":54}},{"TypeId":"","Type":"Table","Id":2000000184,"Name":"Tenant Media","TargetObject":"","Publisher":"Microsoft","Application":"System","Version":"13.0.12929.0","CanExecute":true,"CanDesign":false,"CanCreatePage":true,"FsPath":"","EventName":"not_an_event","SymbolData":{"Path":"c:\\Users\\MartinhoCosta\\Documents\\GIT\\Softstore\\Portuguese Localization Entry Pack\\.alpackages\\Microsoft_System_13.0.12929.0.app","Type":"Tables","Index":55}},{"TypeId":"","Type":"Table","Id":2000000165,"Name":"Tenant Permission Set","TargetObject":"","Publisher":"Microsoft","Application":"System","Version":"13.0.12929.0","CanExecute":true,"CanDesign":false,"CanCreatePage":true,"FsPath":"","EventName":"not_an_event","SymbolData":{"Path":"c:\\Users\\MartinhoCosta\\Documents\\GIT\\Softstore\\Portuguese Localization Entry Pack\\.alpackages\\Microsoft_System_13.0.12929.0.app","Type":"Tables","Index":56}},{"TypeId":"","Type":"Table","Id":2000000166,"Name":"Tenant Permission","TargetObject":"","Publisher":"Microsoft","Application":"System","Version":"13.0.12929.0","CanExecute":true,"CanDesign":false,"CanCreatePage":true,"FsPath":"","EventName":"not_an_event","SymbolData":{"Path":"c:\\Users\\MartinhoCosta\\Documents\\GIT\\Softstore\\Portuguese Localization Entry Pack\\.alpackages\\Microsoft_System_13.0.12929.0.app","Type":"Tables","Index":57}},{"TypeId":"","Type":"Table","Id":2000000168,"Name":"Tenant Web Service","TargetObject":"","Publisher":"Microsoft","Application":"System","Version":"13.0.12929.0","CanExecute":true,"CanDesign":false,"CanCreatePage":true,"FsPath":"","EventName":"not_an_event","SymbolData":{"Path":"c:\\Users\\MartinhoCosta\\Documents\\GIT\\Softstore\\Portuguese Localization Entry Pack\\.alpackages\\Microsoft_System_13.0.12929.0.app","Type":"Tables","Index":58}},{"TypeId":"","Type":"Table","Id":2000000197,"Name":"Token Cache","TargetObject":"","Publisher":"Microsoft","Application":"System","Version":"13.0.12929.0","CanExecute":true,"CanDesign":false,"CanCreatePage":true,"FsPath":"","EventName":"not_an_event","SymbolData":{"Path":"c:\\Users\\MartinhoCosta\\Documents\\GIT\\Softstore\\Portuguese Localization Entry Pack\\.alpackages\\Microsoft_System_13.0.12929.0.app","Type":"Tables","Index":59}},{"TypeId":"","Type":"Table","Id":2000000081,"Name":"Upgrade Blob Storage","TargetObject":"","Publisher":"Microsoft","Application":"System","Version":"13.0.12929.0","CanExecute":true,"CanDesign":false,"CanCreatePage":true,"FsPath":"","EventName":"not_an_event","SymbolData":{"Path":"c:\\Users\\MartinhoCosta\\Documents\\GIT\\Softstore\\Portuguese Localization Entry Pack\\.alpackages\\Microsoft_System_13.0.12929.0.app","Type":"Tables","Index":60}},{"TypeId":"","Type":"Table","Id":2000000067,"Name":"User Default Style Sheet","TargetObject":"","Publisher":"Microsoft","Application":"System","Version":"13.0.12929.0","CanExecute":true,"CanDesign":false,"CanCreatePage":true,"FsPath":"","EventName":"not_an_event","SymbolData":{"Path":"c:\\Users\\MartinhoCosta\\Documents\\GIT\\Softstore\\Portuguese Localization Entry Pack\\.alpackages\\Microsoft_System_13.0.12929.0.app","Type":"Tables","Index":61}},{"TypeId":"","Type":"Table","Id":2000000075,"Name":"User Metadata","TargetObject":"","Publisher":"Microsoft","Application":"System","Version":"13.0.12929.0","CanExecute":true,"CanDesign":false,"CanCreatePage":true,"FsPath":"","EventName":"not_an_event","SymbolData":{"Path":"c:\\Users\\MartinhoCosta\\Documents\\GIT\\Softstore\\Portuguese Localization Entry Pack\\.alpackages\\Microsoft_System_13.0.12929.0.app","Type":"Tables","Index":62}},{"TypeId":"","Type":"Table","Id":2000000188,"Name":"User Page Metadata","TargetObject":"","Publisher":"Microsoft","Application":"System","Version":"13.0.12929.0","CanExecute":true,"CanDesign":false,"CanCreatePage":true,"FsPath":"","EventName":"not_an_event","SymbolData":{"Path":"c:\\Users\\MartinhoCosta\\Documents\\GIT\\Softstore\\Portuguese Localization Entry Pack\\.alpackages\\Microsoft_System_13.0.12929.0.app","Type":"Tables","Index":63}},{"TypeId":"","Type":"Table","Id":2000000073,"Name":"User Personalization","TargetObject":"","Publisher":"Microsoft","Application":"System","Version":"13.0.12929.0","CanExecute":true,"CanDesign":false,"CanCreatePage":true,"FsPath":"","EventName":"not_an_event","SymbolData":{"Path":"c:\\Users\\MartinhoCosta\\Documents\\GIT\\Softstore\\Portuguese Localization Entry Pack\\.alpackages\\Microsoft_System_13.0.12929.0.app","Type":"Tables","Index":64}},{"TypeId":"","Type":"Table","Id":2000000121,"Name":"User Property","TargetObject":"","Publisher":"Microsoft","Application":"System","Version":"13.0.12929.0","CanExecute":true,"CanDesign":false,"CanCreatePage":true,"FsPath":"","EventName":"not_an_event","SymbolData":{"Path":"c:\\Users\\MartinhoCosta\\Documents\\GIT\\Softstore\\Portuguese Localization Entry Pack\\.alpackages\\Microsoft_System_13.0.12929.0.app","Type":"Tables","Index":65}},{"TypeId":"","Type":"Table","Id":2000000120,"Name":"User","TargetObject":"","Publisher":"Microsoft","Application":"System","Version":"13.0.12929.0","CanExecute":true,"CanDesign":false,"CanCreatePage":true,"FsPath":"","EventName":"not_an_event","SymbolData":{"Path":"c:\\Users\\MartinhoCosta\\Documents\\GIT\\Softstore\\Portuguese Localization Entry Pack\\.alpackages\\Microsoft_System_13.0.12929.0.app","Type":"Tables","Index":66}},{"TypeId":"","Type":"Table","Id":2000000076,"Name":"Web Service","TargetObject":"","Publisher":"Microsoft","Application":"System","Version":"13.0.12929.0","CanExecute":true,"CanDesign":false,"CanCreatePage":true,"FsPath":"","EventName":"not_an_event","SymbolData":{"Path":"c:\\Users\\MartinhoCosta\\Documents\\GIT\\Softstore\\Portuguese Localization Entry Pack\\.alpackages\\Microsoft_System_13.0.12929.0.app","Type":"Tables","Index":67}},{"TypeId":"","Type":"Table","Id":2000000194,"Name":"Webhook Notification","TargetObject":"","Publisher":"Microsoft","Application":"System","Version":"13.0.12929.0","CanExecute":true,"CanDesign":false,"CanCreatePage":true,"FsPath":"","EventName":"not_an_event","SymbolData":{"Path":"c:\\Users\\MartinhoCosta\\Documents\\GIT\\Softstore\\Portuguese Localization Entry Pack\\.alpackages\\Microsoft_System_13.0.12929.0.app","Type":"Tables","Index":68}},{"TypeId":"","Type":"Table","Id":2000000199,"Name":"Webhook Subscription","TargetObject":"","Publisher":"Microsoft","Application":"System","Version":"13.0.12929.0","CanExecute":true,"CanDesign":false,"CanCreatePage":true,"FsPath":"","EventName":"not_an_event","SymbolData":{"Path":"c:\\Users\\MartinhoCosta\\Documents\\GIT\\Softstore\\Portuguese Localization Entry Pack\\.alpackages\\Microsoft_System_13.0.12929.0.app","Type":"Tables","Index":69}},{"TypeId":"","Type":"Table","Id":2000000167,"Name":"Aggregate Permission Set","TargetObject":"","Publisher":"Microsoft","Application":"System","Version":"13.0.12929.0","CanExecute":true,"CanDesign":false,"CanCreatePage":true,"FsPath":"","EventName":"not_an_event","SymbolData":{"Path":"c:\\Users\\MartinhoCosta\\Documents\\GIT\\Softstore\\Portuguese Localization Entry Pack\\.alpackages\\Microsoft_System_13.0.12929.0.app","Type":"Tables","Index":70}},{"TypeId":"","Type":"Table","Id":2000000202,"Name":"All Control Fields","TargetObject":"","Publisher":"Microsoft","Application":"System","Version":"13.0.12929.0","CanExecute":true,"CanDesign":false,"CanCreatePage":true,"FsPath":"","EventName":"not_an_event","SymbolData":{"Path":"c:\\Users\\MartinhoCosta\\Documents\\GIT\\Softstore\\Portuguese Localization Entry Pack\\.alpackages\\Microsoft_System_13.0.12929.0.app","Type":"Tables","Index":71}},{"TypeId":"","Type":"Table","Id":2000000178,"Name":"All Profile","TargetObject":"","Publisher":"Microsoft","Application":"System","Version":"13.0.12929.0","CanExecute":true,"CanDesign":false,"CanCreatePage":true,"FsPath":"","EventName":"not_an_event","SymbolData":{"Path":"c:\\Users\\MartinhoCosta\\Documents\\GIT\\Softstore\\Portuguese Localization Entry Pack\\.alpackages\\Microsoft_System_13.0.12929.0.app","Type":"Tables","Index":72}},{"TypeId":"","Type":"Table","Id":2000000038,"Name":"AllObj","TargetObject":"","Publisher":"Microsoft","Application":"System","Version":"13.0.12929.0","CanExecute":true,"CanDesign":false,"CanCreatePage":true,"FsPath":"","EventName":"not_an_event","SymbolData":{"Path":"c:\\Users\\MartinhoCosta\\Documents\\GIT\\Softstore\\Portuguese Localization Entry Pack\\.alpackages\\Microsoft_System_13.0.12929.0.app","Type":"Tables","Index":73}},{"TypeId":"","Type":"Table","Id":2000000058,"Name":"AllObjWithCaption","TargetObject":"","Publisher":"Microsoft","Application":"System","Version":"13.0.12929.0","CanExecute":true,"CanDesign":false,"CanCreatePage":true,"FsPath":"","EventName":"not_an_event","SymbolData":{"Path":"c:\\Users\\MartinhoCosta\\Documents\\GIT\\Softstore\\Portuguese Localization Entry Pack\\.alpackages\\Microsoft_System_13.0.12929.0.app","Type":"Tables","Index":74}},{"TypeId":"","Type":"Table","Id":2000000193,"Name":"Api Web Service","TargetObject":"","Publisher":"Microsoft","Application":"System","Version":"13.0.12929.0","CanExecute":true,"CanDesign":false,"CanCreatePage":true,"FsPath":"","EventName":"not_an_event","SymbolData":{"Path":"c:\\Users\\MartinhoCosta\\Documents\\GIT\\Softstore\\Portuguese Localization Entry Pack\\.alpackages\\Microsoft_System_13.0.12929.0.app","Type":"Tables","Index":75}},{"TypeId":"","Type":"Table","Id":2000000046,"Name":"Automation Server","TargetObject":"","Publisher":"Microsoft","Application":"System","Version":"13.0.12929.0","CanExecute":true,"CanDesign":false,"CanCreatePage":true,"FsPath":"","EventName":"not_an_event","SymbolData":{"Path":"c:\\Users\\MartinhoCosta\\Documents\\GIT\\Softstore\\Portuguese Localization Entry Pack\\.alpackages\\Microsoft_System_13.0.12929.0.app","Type":"Tables","Index":76}},{"TypeId":"","Type":"Table","Id":2000000049,"Name":"Code Coverage","TargetObject":"","Publisher":"Microsoft","Application":"System","Version":"13.0.12929.0","CanExecute":true,"CanDesign":false,"CanCreatePage":true,"FsPath":"","EventName":"not_an_event","SymbolData":{"Path":"c:\\Users\\MartinhoCosta\\Documents\\GIT\\Softstore\\Portuguese Localization Entry Pack\\.alpackages\\Microsoft_System_13.0.12929.0.app","Type":"Tables","Index":77}},{"TypeId":"","Type":"Table","Id":2000000137,"Name":"CodeUnit Metadata","TargetObject":"","Publisher":"Microsoft","Application":"System","Version":"13.0.12929.0","CanExecute":true,"CanDesign":false,"CanCreatePage":true,"FsPath":"","EventName":"not_an_event","SymbolData":{"Path":"c:\\Users\\MartinhoCosta\\Documents\\GIT\\Softstore\\Portuguese Localization Entry Pack\\.alpackages\\Microsoft_System_13.0.12929.0.app","Type":"Tables","Index":78}},{"TypeId":"","Type":"Table","Id":2000000154,"Name":"Database Locks","TargetObject":"","Publisher":"Microsoft","Application":"System","Version":"13.0.12929.0","CanExecute":true,"CanDesign":false,"CanCreatePage":true,"FsPath":"","EventName":"not_an_event","SymbolData":{"Path":"c:\\Users\\MartinhoCosta\\Documents\\GIT\\Softstore\\Portuguese Localization Entry Pack\\.alpackages\\Microsoft_System_13.0.12929.0.app","Type":"Tables","Index":79}},{"TypeId":"","Type":"Table","Id":2000000048,"Name":"Database","TargetObject":"","Publisher":"Microsoft","Application":"System","Version":"13.0.12929.0","CanExecute":true,"CanDesign":false,"CanCreatePage":true,"FsPath":"","EventName":"not_an_event","SymbolData":{"Path":"c:\\Users\\MartinhoCosta\\Documents\\GIT\\Softstore\\Portuguese Localization Entry Pack\\.alpackages\\Microsoft_System_13.0.12929.0.app","Type":"Tables","Index":80}},{"TypeId":"","Type":"Table","Id":2000000007,"Name":"Date","TargetObject":"","Publisher":"Microsoft","Application":"System","Version":"13.0.12929.0","CanExecute":true,"CanDesign":false,"CanCreatePage":true,"FsPath":"","EventName":"not_an_event","SymbolData":{"Path":"c:\\Users\\MartinhoCosta\\Documents\\GIT\\Softstore\\Portuguese Localization Entry Pack\\.alpackages\\Microsoft_System_13.0.12929.0.app","Type":"Tables","Index":81}},{"TypeId":"","Type":"Table","Id":2000000101,"Name":"Debugger Call Stack","TargetObject":"","Publisher":"Microsoft","Application":"System","Version":"13.0.12929.0","CanExecute":true,"CanDesign":false,"CanCreatePage":true,"FsPath":"","EventName":"not_an_event","SymbolData":{"Path":"c:\\Users\\MartinhoCosta\\Documents\\GIT\\Softstore\\Portuguese Localization Entry Pack\\.alpackages\\Microsoft_System_13.0.12929.0.app","Type":"Tables","Index":82}},{"TypeId":"","Type":"Table","Id":2000000102,"Name":"Debugger Variable","TargetObject":"","Publisher":"Microsoft","Application":"System","Version":"13.0.12929.0","CanExecute":true,"CanDesign":false,"CanCreatePage":true,"FsPath":"","EventName":"not_an_event","SymbolData":{"Path":"c:\\Users\\MartinhoCosta\\Documents\\GIT\\Softstore\\Portuguese Localization Entry Pack\\.alpackages\\Microsoft_System_13.0.12929.0.app","Type":"Tables","Index":83}},{"TypeId":"","Type":"Table","Id":2000000103,"Name":"Debugger Watch Value","TargetObject":"","Publisher":"Microsoft","Application":"System","Version":"13.0.12929.0","CanExecute":true,"CanDesign":false,"CanCreatePage":true,"FsPath":"","EventName":"not_an_event","SymbolData":{"Path":"c:\\Users\\MartinhoCosta\\Documents\\GIT\\Softstore\\Portuguese Localization Entry Pack\\.alpackages\\Microsoft_System_13.0.12929.0.app","Type":"Tables","Index":84}},{"TypeId":"","Type":"Table","Id":2000000020,"Name":"Drive","TargetObject":"","Publisher":"Microsoft","Application":"System","Version":"13.0.12929.0","CanExecute":true,"CanDesign":false,"CanCreatePage":true,"FsPath":"","EventName":"not_an_event","SymbolData":{"Path":"c:\\Users\\MartinhoCosta\\Documents\\GIT\\Softstore\\Portuguese Localization Entry Pack\\.alpackages\\Microsoft_System_13.0.12929.0.app","Type":"Tables","Index":85}},{"TypeId":"","Type":"Table","Id":2000000140,"Name":"Event Subscription","TargetObject":"","Publisher":"Microsoft","Application":"System","Version":"13.0.12929.0","CanExecute":true,"CanDesign":false,"CanCreatePage":true,"FsPath":"","EventName":"not_an_event","SymbolData":{"Path":"c:\\Users\\MartinhoCosta\\Documents\\GIT\\Softstore\\Portuguese Localization Entry Pack\\.alpackages\\Microsoft_System_13.0.12929.0.app","Type":"Tables","Index":86}},{"TypeId":"","Type":"Table","Id":2000000041,"Name":"Field","TargetObject":"","Publisher":"Microsoft","Application":"System","Version":"13.0.12929.0","CanExecute":true,"CanDesign":false,"CanCreatePage":true,"FsPath":"","EventName":"not_an_event","SymbolData":{"Path":"c:\\Users\\MartinhoCosta\\Documents\\GIT\\Softstore\\Portuguese Localization Entry Pack\\.alpackages\\Microsoft_System_13.0.12929.0.app","Type":"Tables","Index":87}},{"TypeId":"","Type":"Table","Id":2000000022,"Name":"File","TargetObject":"","Publisher":"Microsoft","Application":"System","Version":"13.0.12929.0","CanExecute":true,"CanDesign":false,"CanCreatePage":true,"FsPath":"","EventName":"not_an_event","SymbolData":{"Path":"c:\\Users\\MartinhoCosta\\Documents\\GIT\\Softstore\\Portuguese Localization Entry Pack\\.alpackages\\Microsoft_System_13.0.12929.0.app","Type":"Tables","Index":88}},{"TypeId":"","Type":"Table","Id":2000000026,"Name":"Integer","TargetObject":"","Publisher":"Microsoft","Application":"System","Version":"13.0.12929.0","CanExecute":true,"CanDesign":false,"CanCreatePage":true,"FsPath":"","EventName":"not_an_event","SymbolData":{"Path":"c:\\Users\\MartinhoCosta\\Documents\\GIT\\Softstore\\Portuguese Localization Entry Pack\\.alpackages\\Microsoft_System_13.0.12929.0.app","Type":"Tables","Index":89}},{"TypeId":"","Type":"Table","Id":2000000063,"Name":"Key","TargetObject":"","Publisher":"Microsoft","Application":"System","Version":"13.0.12929.0","CanExecute":true,"CanDesign":false,"CanCreatePage":true,"FsPath":"","EventName":"not_an_event","SymbolData":{"Path":"c:\\Users\\MartinhoCosta\\Documents\\GIT\\Softstore\\Portuguese Localization Entry Pack\\.alpackages\\Microsoft_System_13.0.12929.0.app","Type":"Tables","Index":90}},{"TypeId":"","Type":"Table","Id":2000000040,"Name":"License Information","TargetObject":"","Publisher":"Microsoft","Application":"System","Version":"13.0.12929.0","CanExecute":true,"CanDesign":false,"CanCreatePage":true,"FsPath":"","EventName":"not_an_event","SymbolData":{"Path":"c:\\Users\\MartinhoCosta\\Documents\\GIT\\Softstore\\Portuguese Localization Entry Pack\\.alpackages\\Microsoft_System_13.0.12929.0.app","Type":"Tables","Index":91}},{"TypeId":"","Type":"Table","Id":2000000024,"Name":"Monitor","TargetObject":"","Publisher":"Microsoft","Application":"System","Version":"13.0.12929.0","CanExecute":true,"CanDesign":false,"CanCreatePage":true,"FsPath":"","EventName":"not_an_event","SymbolData":{"Path":"c:\\Users\\MartinhoCosta\\Documents\\GIT\\Softstore\\Portuguese Localization Entry Pack\\.alpackages\\Microsoft_System_13.0.12929.0.app","Type":"Tables","Index":92}},{"TypeId":"","Type":"Table","Id":2000000157,"Name":"NAV App Extra","TargetObject":"","Publisher":"Microsoft","Application":"System","Version":"13.0.12929.0","CanExecute":true,"CanDesign":false,"CanCreatePage":true,"FsPath":"","EventName":"not_an_event","SymbolData":{"Path":"c:\\Users\\MartinhoCosta\\Documents\\GIT\\Softstore\\Portuguese Localization Entry Pack\\.alpackages\\Microsoft_System_13.0.12929.0.app","Type":"Tables","Index":93}},{"TypeId":"","Type":"Table","Id":2000000174,"Name":"New Page Pattern","TargetObject":"","Publisher":"Microsoft","Application":"System","Version":"13.0.12929.0","CanExecute":true,"CanDesign":false,"CanCreatePage":true,"FsPath":"","EventName":"not_an_event","SymbolData":{"Path":"c:\\Users\\MartinhoCosta\\Documents\\GIT\\Softstore\\Portuguese Localization Entry Pack\\.alpackages\\Microsoft_System_13.0.12929.0.app","Type":"Tables","Index":94}},{"TypeId":"","Type":"Table","Id":2000000042,"Name":"OLE Control","TargetObject":"","Publisher":"Microsoft","Application":"System","Version":"13.0.12929.0","CanExecute":true,"CanDesign":false,"CanCreatePage":true,"FsPath":"","EventName":"not_an_event","SymbolData":{"Path":"c:\\Users\\MartinhoCosta\\Documents\\GIT\\Softstore\\Portuguese Localization Entry Pack\\.alpackages\\Microsoft_System_13.0.12929.0.app","Type":"Tables","Index":95}},{"TypeId":"","Type":"Table","Id":2000000143,"Name":"Page Action","TargetObject":"","Publisher":"Microsoft","Application":"System","Version":"13.0.12929.0","CanExecute":true,"CanDesign":false,"CanCreatePage":true,"FsPath":"","EventName":"not_an_event","SymbolData":{"Path":"c:\\Users\\MartinhoCosta\\Documents\\GIT\\Softstore\\Portuguese Localization Entry Pack\\.alpackages\\Microsoft_System_13.0.12929.0.app","Type":"Tables","Index":96}},{"TypeId":"","Type":"Table","Id":2000000192,"Name":"Page Control Field","TargetObject":"","Publisher":"Microsoft","Application":"System","Version":"13.0.12929.0","CanExecute":true,"CanDesign":false,"CanCreatePage":true,"FsPath":"","EventName":"not_an_event","SymbolData":{"Path":"c:\\Users\\MartinhoCosta\\Documents\\GIT\\Softstore\\Portuguese Localization Entry Pack\\.alpackages\\Microsoft_System_13.0.12929.0.app","Type":"Tables","Index":97}},{"TypeId":"","Type":"Table","Id":2000000138,"Name":"Page Metadata","TargetObject":"","Publisher":"Microsoft","Application":"System","Version":"13.0.12929.0","CanExecute":true,"CanDesign":false,"CanCreatePage":true,"FsPath":"","EventName":"not_an_event","SymbolData":{"Path":"c:\\Users\\MartinhoCosta\\Documents\\GIT\\Softstore\\Portuguese Localization Entry Pack\\.alpackages\\Microsoft_System_13.0.12929.0.app","Type":"Tables","Index":98}},{"TypeId":"","Type":"Table","Id":2000000171,"Name":"Page Table Field","TargetObject":"","Publisher":"Microsoft","Application":"System","Version":"13.0.12929.0","CanExecute":true,"CanDesign":false,"CanCreatePage":true,"FsPath":"","EventName":"not_an_event","SymbolData":{"Path":"c:\\Users\\MartinhoCosta\\Documents\\GIT\\Softstore\\Portuguese Localization Entry Pack\\.alpackages\\Microsoft_System_13.0.12929.0.app","Type":"Tables","Index":99}},{"TypeId":"","Type":"Table","Id":2000000044,"Name":"Permission Range","TargetObject":"","Publisher":"Microsoft","Application":"System","Version":"13.0.12929.0","CanExecute":true,"CanDesign":false,"CanCreatePage":true,"FsPath":"","EventName":"not_an_event","SymbolData":{"Path":"c:\\Users\\MartinhoCosta\\Documents\\GIT\\Softstore\\Portuguese Localization Entry Pack\\.alpackages\\Microsoft_System_13.0.12929.0.app","Type":"Tables","Index":100}},{"TypeId":"","Type":"Table","Id":2000000039,"Name":"Printer","TargetObject":"","Publisher":"Microsoft","Application":"System","Version":"13.0.12929.0","CanExecute":true,"CanDesign":false,"CanCreatePage":true,"FsPath":"","EventName":"not_an_event","SymbolData":{"Path":"c:\\Users\\MartinhoCosta\\Documents\\GIT\\Softstore\\Portuguese Localization Entry Pack\\.alpackages\\Microsoft_System_13.0.12929.0.app","Type":"Tables","Index":101}},{"TypeId":"","Type":"Table","Id":2000000142,"Name":"Query Metadata","TargetObject":"","Publisher":"Microsoft","Application":"System","Version":"13.0.12929.0","CanExecute":true,"CanDesign":false,"CanCreatePage":true,"FsPath":"","EventName":"not_an_event","SymbolData":{"Path":"c:\\Users\\MartinhoCosta\\Documents\\GIT\\Softstore\\Portuguese Localization Entry Pack\\.alpackages\\Microsoft_System_13.0.12929.0.app","Type":"Tables","Index":102}},{"TypeId":"","Type":"Table","Id":2000000203,"Name":"Report Data Items","TargetObject":"","Publisher":"Microsoft","Application":"System","Version":"13.0.12929.0","CanExecute":true,"CanDesign":false,"CanCreatePage":true,"FsPath":"","EventName":"not_an_event","SymbolData":{"Path":"c:\\Users\\MartinhoCosta\\Documents\\GIT\\Softstore\\Portuguese Localization Entry Pack\\.alpackages\\Microsoft_System_13.0.12929.0.app","Type":"Tables","Index":103}},{"TypeId":"","Type":"Table","Id":2000000139,"Name":"Report Metadata","TargetObject":"","Publisher":"Microsoft","Application":"System","Version":"13.0.12929.0","CanExecute":true,"CanDesign":false,"CanCreatePage":true,"FsPath":"","EventName":"not_an_event","SymbolData":{"Path":"c:\\Users\\MartinhoCosta\\Documents\\GIT\\Softstore\\Portuguese Localization Entry Pack\\.alpackages\\Microsoft_System_13.0.12929.0.app","Type":"Tables","Index":104}},{"TypeId":"","Type":"Table","Id":2000000047,"Name":"Server","TargetObject":"","Publisher":"Microsoft","Application":"System","Version":"13.0.12929.0","CanExecute":true,"CanDesign":false,"CanCreatePage":true,"FsPath":"","EventName":"not_an_event","SymbolData":{"Path":"c:\\Users\\MartinhoCosta\\Documents\\GIT\\Softstore\\Portuguese Localization Entry Pack\\.alpackages\\Microsoft_System_13.0.12929.0.app","Type":"Tables","Index":105}},{"TypeId":"","Type":"Table","Id":2000000009,"Name":"Session","TargetObject":"","Publisher":"Microsoft","Application":"System","Version":"13.0.12929.0","CanExecute":true,"CanDesign":false,"CanCreatePage":true,"FsPath":"","EventName":"not_an_event","SymbolData":{"Path":"c:\\Users\\MartinhoCosta\\Documents\\GIT\\Softstore\\Portuguese Localization Entry Pack\\.alpackages\\Microsoft_System_13.0.12929.0.app","Type":"Tables","Index":106}},{"TypeId":"","Type":"Table","Id":2000000055,"Name":"SID - Account ID","TargetObject":"","Publisher":"Microsoft","Application":"System","Version":"13.0.12929.0","CanExecute":true,"CanDesign":false,"CanCreatePage":true,"FsPath":"","EventName":"not_an_event","SymbolData":{"Path":"c:\\Users\\MartinhoCosta\\Documents\\GIT\\Softstore\\Portuguese Localization Entry Pack\\.alpackages\\Microsoft_System_13.0.12929.0.app","Type":"Tables","Index":107}},{"TypeId":"","Type":"Table","Id":2000000029,"Name":"System Object","TargetObject":"","Publisher":"Microsoft","Application":"System","Version":"13.0.12929.0","CanExecute":true,"CanDesign":false,"CanCreatePage":true,"FsPath":"","EventName":"not_an_event","SymbolData":{"Path":"c:\\Users\\MartinhoCosta\\Documents\\GIT\\Softstore\\Portuguese Localization Entry Pack\\.alpackages\\Microsoft_System_13.0.12929.0.app","Type":"Tables","Index":108}},{"TypeId":"","Type":"Table","Id":2000000172,"Name":"Table Field Types","TargetObject":"","Publisher":"Microsoft","Application":"System","Version":"13.0.12929.0","CanExecute":true,"CanDesign":false,"CanCreatePage":true,"FsPath":"","EventName":"not_an_event","SymbolData":{"Path":"c:\\Users\\MartinhoCosta\\Documents\\GIT\\Softstore\\Portuguese Localization Entry Pack\\.alpackages\\Microsoft_System_13.0.12929.0.app","Type":"Tables","Index":109}},{"TypeId":"","Type":"Table","Id":2000000028,"Name":"Table Information","TargetObject":"","Publisher":"Microsoft","Application":"System","Version":"13.0.12929.0","CanExecute":true,"CanDesign":false,"CanCreatePage":true,"FsPath":"","EventName":"not_an_event","SymbolData":{"Path":"c:\\Users\\MartinhoCosta\\Documents\\GIT\\Softstore\\Portuguese Localization Entry Pack\\.alpackages\\Microsoft_System_13.0.12929.0.app","Type":"Tables","Index":110}},{"TypeId":"","Type":"Table","Id":2000000136,"Name":"Table Metadata","TargetObject":"","Publisher":"Microsoft","Application":"System","Version":"13.0.12929.0","CanExecute":true,"CanDesign":false,"CanCreatePage":true,"FsPath":"","EventName":"not_an_event","SymbolData":{"Path":"c:\\Users\\MartinhoCosta\\Documents\\GIT\\Softstore\\Portuguese Localization Entry Pack\\.alpackages\\Microsoft_System_13.0.12929.0.app","Type":"Tables","Index":111}},{"TypeId":"","Type":"Table","Id":2000000141,"Name":"Table Relations Metadata","TargetObject":"","Publisher":"Microsoft","Application":"System","Version":"13.0.12929.0","CanExecute":true,"CanDesign":false,"CanCreatePage":true,"FsPath":"","EventName":"not_an_event","SymbolData":{"Path":"c:\\Users\\MartinhoCosta\\Documents\\GIT\\Softstore\\Portuguese Localization Entry Pack\\.alpackages\\Microsoft_System_13.0.12929.0.app","Type":"Tables","Index":112}},{"TypeId":"","Type":"Table","Id":2000000135,"Name":"Table Synch. Setup","TargetObject":"","Publisher":"Microsoft","Application":"System","Version":"13.0.12929.0","CanExecute":true,"CanDesign":false,"CanCreatePage":true,"FsPath":"","EventName":"not_an_event","SymbolData":{"Path":"c:\\Users\\MartinhoCosta\\Documents\\GIT\\Softstore\\Portuguese Localization Entry Pack\\.alpackages\\Microsoft_System_13.0.12929.0.app","Type":"Tables","Index":113}},{"TypeId":"","Type":"Table","Id":2000000164,"Name":"Time Zone","TargetObject":"","Publisher":"Microsoft","Application":"System","Version":"13.0.12929.0","CanExecute":true,"CanDesign":false,"CanCreatePage":true,"FsPath":"","EventName":"not_an_event","SymbolData":{"Path":"c:\\Users\\MartinhoCosta\\Documents\\GIT\\Softstore\\Portuguese Localization Entry Pack\\.alpackages\\Microsoft_System_13.0.12929.0.app","Type":"Tables","Index":114}},{"TypeId":"","Type":"Table","Id":2000000045,"Name":"Windows Language","TargetObject":"","Publisher":"Microsoft","Application":"System","Version":"13.0.12929.0","CanExecute":true,"CanDesign":false,"CanCreatePage":true,"FsPath":"","EventName":"not_an_event","SymbolData":{"Path":"c:\\Users\\MartinhoCosta\\Documents\\GIT\\Softstore\\Portuguese Localization Entry Pack\\.alpackages\\Microsoft_System_13.0.12929.0.app","Type":"Tables","Index":115}},{"TypeId":3,"Type":"Codeunit","Id":2000000003,"Name":"Company Triggers","TargetObject":"","Publisher":"Microsoft","Application":"System","Version":"13.0.12929.0","CanExecute":false,"CanDesign":false,"CanCreatePage":false,"FsPath":"","EventName":"not_an_event","SymbolData":{"Path":"c:\\Users\\MartinhoCosta\\Documents\\GIT\\Softstore\\Portuguese Localization Entry Pack\\.alpackages\\Microsoft_System_13.0.12929.0.app","Type":"Codeunits","Index":0}},{"TypeId":3,"Type":"Codeunit","Id":2000000009,"Name":"Debugger Triggers","TargetObject":"","Publisher":"Microsoft","Application":"System","Version":"13.0.12929.0","CanExecute":false,"CanDesign":false,"CanCreatePage":false,"FsPath":"","EventName":"not_an_event","SymbolData":{"Path":"c:\\Users\\MartinhoCosta\\Documents\\GIT\\Softstore\\Portuguese Localization Entry Pack\\.alpackages\\Microsoft_System_13.0.12929.0.app","Type":"Codeunits","Index":1}},{"TypeId":3,"Type":"Codeunit","Id":2000000010,"Name":"Extension Triggers","TargetObject":"","Publisher":"Microsoft","Application":"System","Version":"13.0.12929.0","CanExecute":false,"CanDesign":false,"CanCreatePage":false,"FsPath":"","EventName":"not_an_event","SymbolData":{"Path":"c:\\Users\\MartinhoCosta\\Documents\\GIT\\Softstore\\Portuguese Localization Entry Pack\\.alpackages\\Microsoft_System_13.0.12929.0.app","Type":"Codeunits","Index":2}},{"TypeId":3,"Type":"Codeunit","Id":2000000007,"Name":"Filter Helper Triggers","TargetObject":"","Publisher":"Microsoft","Application":"System","Version":"13.0.12929.0","CanExecute":false,"CanDesign":false,"CanCreatePage":false,"FsPath":"","EventName":"not_an_event","SymbolData":{"Path":"c:\\Users\\MartinhoCosta\\Documents\\GIT\\Softstore\\Portuguese Localization Entry Pack\\.alpackages\\Microsoft_System_13.0.12929.0.app","Type":"Codeunits","Index":3}},{"TypeId":3,"Type":"Codeunit","Id":2000000002,"Name":"Global Triggers","TargetObject":"","Publisher":"Microsoft","Application":"System","Version":"13.0.12929.0","CanExecute":false,"CanDesign":false,"CanCreatePage":false,"FsPath":"","EventName":"not_an_event","SymbolData":{"Path":"c:\\Users\\MartinhoCosta\\Documents\\GIT\\Softstore\\Portuguese Localization Entry Pack\\.alpackages\\Microsoft_System_13.0.12929.0.app","Type":"Codeunits","Index":4}},{"TypeId":3,"Type":"Codeunit","Id":2000000005,"Name":"Reporting Triggers","TargetObject":"","Publisher":"Microsoft","Application":"System","Version":"13.0.12929.0","CanExecute":false,"CanDesign":false,"CanCreatePage":false,"FsPath":"","EventName":"not_an_event","SymbolData":{"Path":"c:\\Users\\MartinhoCosta\\Documents\\GIT\\Softstore\\Portuguese Localization Entry Pack\\.alpackages\\Microsoft_System_13.0.12929.0.app","Type":"Codeunits","Index":5}},{"TypeId":3,"Type":"Codeunit","Id":2000000006,"Name":"System Action Triggers","TargetObject":"","Publisher":"Microsoft","Application":"System","Version":"13.0.12929.0","CanExecute":false,"CanDesign":false,"CanCreatePage":false,"FsPath":"","EventName":"not_an_event","SymbolData":{"Path":"c:\\Users\\MartinhoCosta\\Documents\\GIT\\Softstore\\Portuguese Localization Entry Pack\\.alpackages\\Microsoft_System_13.0.12929.0.app","Type":"Codeunits","Index":6}},{"TypeId":3,"Type":"Codeunit","Id":2000000004,"Name":"UI Helper Triggers","TargetObject":"","Publisher":"Microsoft","Application":"System","Version":"13.0.12929.0","CanExecute":false,"CanDesign":false,"CanCreatePage":false,"FsPath":"","EventName":"not_an_event","SymbolData":{"Path":"c:\\Users\\MartinhoCosta\\Documents\\GIT\\Softstore\\Portuguese Localization Entry Pack\\.alpackages\\Microsoft_System_13.0.12929.0.app","Type":"Codeunits","Index":7}},{"TypeId":3,"Type":"Codeunit","Id":2000000008,"Name":"Upgrade Triggers","TargetObject":"","Publisher":"Microsoft","Application":"System","Version":"13.0.12929.0","CanExecute":false,"CanDesign":false,"CanCreatePage":false,"FsPath":"","EventName":"not_an_event","SymbolData":{"Path":"c:\\Users\\MartinhoCosta\\Documents\\GIT\\Softstore\\Portuguese Localization Entry Pack\\.alpackages\\Microsoft_System_13.0.12929.0.app","Type":"Codeunits","Index":8}},{"TypeId":3,"Type":"Codeunit","Id":2000000001,"Name":"Version Triggers","TargetObject":"","Publisher":"Microsoft","Application":"System","Version":"13.0.12929.0","CanExecute":false,"CanDesign":false,"CanCreatePage":false,"FsPath":"","EventName":"not_an_event","SymbolData":{"Path":"c:\\Users\\MartinhoCosta\\Documents\\GIT\\Softstore\\Portuguese Localization Entry Pack\\.alpackages\\Microsoft_System_13.0.12929.0.app","Type":"Codeunits","Index":9}}]}
